run_id,benchmark,label,learner,seed
run-f625b49130231099,factorial,neither,tabular,0
run-fa5cb8108baa5163,factorial,neither,tabular,1
run-d03a85fca5b653e5,factorial,neither,tabular,2
run-4173cd53833e3929,factorial,neither,tabular,3
run-1e6beac6382bcd08,factorial,neither,tabular,4
run-e22aa4824ee5d06a,factorial,reward,tabular,0
run-c54c6f49e23f7a3a,factorial,reward,tabular,1
run-04a72a73c1012f0b,factorial,reward,tabular,2
run-ff797973175f9dd6,factorial,reward,tabular,3
run-1d873d9b4b6f3684,factorial,reward,tabular,4
run-f0f4f2de1a48bb5d,factorial,observation,tabular,0
run-3f7eed5655833ff6,factorial,observation,tabular,1
run-121da9d19ca4d2ed,factorial,observation,tabular,2
run-1bbd218951516148,factorial,observation,tabular,3
run-2af5faa9e1249ef5,factorial,observation,tabular,4
run-6aa66ebcebabd5f8,factorial,both,tabular,0
run-db74f721e18a5544,factorial,both,tabular,1
run-af3a5182264ef4af,factorial,both,tabular,2
run-cbf0975ba864307c,factorial,both,tabular,3
run-b3f8fc81d3ab166d,factorial,both,tabular,4
run-463f46bd641069f2,matched,observation,tabular,0
run-c8f476ccd17778a6,matched,observation,tabular,1
run-992bbb5c08e1c3ed,matched,observation,tabular,2
run-08c1d88596342d1b,matched,observation,tabular,3
run-f9d959789470fbfd,matched,observation,tabular,4
run-b1fcf653f20ef7ab,matched,reward,tabular,0
run-71f95d117466b4e8,matched,reward,tabular,1
run-badd68deacafcaf1,matched,reward,tabular,2
run-65b5ccfbdd6704ca,matched,reward,tabular,3
run-32fec20ff7872bcb,matched,reward,tabular,4
run-d32cdc91ddc9e42c,factorial,neither,ppo,0
run-fb4c5f4b4ae97709,factorial,neither,ppo,1
run-32df879e980de4cd,factorial,neither,ppo,2
run-dcab534e2d2b2659,factorial,neither,ppo,3
run-fd2c18a54b9139bb,factorial,neither,ppo,4
run-1ef11c3265ce8338,factorial,reward,ppo,0
run-72a18d72bc23fb50,factorial,reward,ppo,1
run-e983a6954967de85,factorial,reward,ppo,2
run-758ec724685baa56,factorial,reward,ppo,3
run-8a87e9003f52bdf5,factorial,reward,ppo,4
run-55eaa291d461a4b9,factorial,observation,ppo,0
run-64ad82813d2a3843,factorial,observation,ppo,1
run-0e2f51133cdf5657,factorial,observation,ppo,2
run-6fb9d62725d8323f,factorial,observation,ppo,3
run-f857e3f0c64ea4db,factorial,observation,ppo,4
run-10203ac9f2018854,factorial,both,ppo,0
run-5d4528f485117bca,factorial,both,ppo,1
run-068a2f7ebbbd341c,factorial,both,ppo,2
run-54b14c0ce502aee8,factorial,both,ppo,3
run-5c66a41965620516,factorial,both,ppo,4
run-cdec09d61bf12a6f,matched,observation,ppo,0
run-64a44415c5c0aa95,matched,observation,ppo,1
run-099344c8ec763e22,matched,observation,ppo,2
run-01c47f2b5c783579,matched,observation,ppo,3
run-b80d9af07b629517,matched,observation,ppo,4
run-76336db2e8e9a4e5,matched,reward,ppo,0
run-7de3ed56645251aa,matched,reward,ppo,1
run-8e0db0a9b0c5d54f,matched,reward,ppo,2
run-4be5313da2f45005,matched,reward,ppo,3
run-a69df4e92a75e5a1,matched,reward,ppo,4
